{
    "__comment": "Model generated using MrCrayfish's Model Creator (http://mrcrayfish.com/modelcreator/)",
    "textures": {
        "particle": "block/block/white_concrete",
        "0": "block/white_concrete",
        "1": "block/glass",
        "2": "block/gray_concrete"
    },
    "elements": [
        {
            "name": "frame_1",
            "from": [ -12.0, 14.0, 6.0 ], 
            "to": [ 4.0, 16.0, 10.0 ], 
            "faces": {
                "north": { "texture": "#0", "uv": [ 0.0, 0.0, 16.0, 2.0 ] },
                "east": { "texture": "#0", "uv": [ 0.0, 0.0, 4.0, 2.0 ] },
                "south": { "texture": "#0", "uv": [ 0.0, 0.0, 16.0, 2.0 ] },
                "west": { "texture": "#0", "uv": [ 0.0, 0.0, 4.0, 2.0 ] },
                "up": { "texture": "#0", "uv": [ 0.0, 0.0, 16.0, 4.0 ] },
                "down": { "texture": "#0", "uv": [ 0.0, 0.0, 16.0, 4.0 ] }
            }
        },
        {
            "name": "frame_2",
            "from": [ -12.0, 0.0, 6.0 ], 
            "to": [ -10.0, 14.0, 10.0 ], 
            "faces": {
                "north": { "texture": "#0", "uv": [ 0.0, 0.0, 2.0, 14.0 ] },
                "east": { "texture": "#0", "uv": [ 0.0, 0.0, 4.0, 14.0 ] },
                "south": { "texture": "#0", "uv": [ 0.0, 0.0, 2.0, 14.0 ] },
                "west": { "texture": "#0", "uv": [ 0.0, 0.0, 4.0, 14.0 ] }
            }
        },
        {
            "name": "frame_3",
            "from": [ 2.0, 0.0, 6.0 ], 
            "to": [ 4.0, 14.0, 10.0 ], 
            "faces": {
                "north": { "texture": "#0", "uv": [ 0.0, 0.0, 2.0, 14.0 ] },
                "east": { "texture": "#0", "uv": [ 0.0, 0.0, 4.0, 14.0 ] },
                "south": { "texture": "#0", "uv": [ 0.0, 0.0, 2.0, 14.0 ] },
                "west": { "texture": "#0", "uv": [ 0.0, 0.0, 4.0, 14.0 ] }
            }
        },
        {
            "name": "glass",
            "from": [ -9.0, 0.0, 6.5 ], 
            "to": [ 1.0, 13.0, 9.5 ], 
            "faces": {
                "north": { "texture": "#1", "uv": [ 2.0, 1.0, 12.0, 14.0 ] },
                "south": { "texture": "#1", "uv": [ 2.0, 1.0, 12.0, 14.0 ] }
            }
        },
        {
            "name": "frame_4",
            "from": [ -10.0, 0.0, 6.5 ], 
            "to": [ -9.0, 14.0, 9.5 ], 
            "faces": {
                "north": { "texture": "#0", "uv": [ 0.0, 0.0, 1.0, 14.0 ] },
                "east": { "texture": "#0", "uv": [ 0.0, 0.0, 3.0, 14.0 ] },
                "south": { "texture": "#0", "uv": [ 0.0, 0.0, 1.0, 14.0 ] }
            }
        },
        {
            "name": "frame_5",
            "from": [ 1.0, 3.0, 6.5 ], 
            "to": [ 2.0, 14.0, 9.5 ], 
            "faces": {
                "north": { "texture": "#0", "uv": [ 0.0, 0.0, 1.0, 11.0 ] },
                "south": { "texture": "#0", "uv": [ 0.0, 0.0, 1.0, 11.0 ] },
                "west": { "texture": "#0", "uv": [ 0.0, 0.0, 3.0, 11.0 ] }
            }
        },
        {
            "name": "frame_6",
            "from": [ -9.0, 13.0, 6.5 ], 
            "to": [ 1.0, 14.0, 9.5 ], 
            "faces": {
                "north": { "texture": "#0", "uv": [ 0.0, 0.0, 10.0, 1.0 ] },
                "south": { "texture": "#0", "uv": [ 0.0, 0.0, 10.0, 1.0 ] },
                "up": { "texture": "#0", "uv": [ 0.0, 0.0, 10.0, 3.0 ] }
            }
        },
        {
            "name": "frame_7",
            "from": [ 1.0, 0.0, 6.0 ], 
            "to": [ 2.0, 3.0, 10.0 ], 
            "faces": {
                "north": { "texture": "#0", "uv": [ 0.0, 0.0, 1.0, 3.0 ] },
                "south": { "texture": "#0", "uv": [ 0.0, 0.0, 1.0, 3.0 ] },
                "west": { "texture": "#0", "uv": [ 0.0, 0.0, 4.0, 3.0 ] },
                "up": { "texture": "#0", "uv": [ 0.0, 0.0, 1.0, 4.0 ] }
            }
        },
        {
            "name": "handle_1",
            "from": [ 2.0, 0.0, 5.0 ], 
            "to": [ 3.0, 2.0, 11.0 ], 
            "faces": {
                "north": { "texture": "#2", "uv": [ 0.0, 0.0, 1.0, 2.0 ] },
                "east": { "texture": "#2", "uv": [ 0.0, 0.0, 6.0, 2.0 ] },
                "south": { "texture": "#2", "uv": [ 0.0, 0.0, 1.0, 2.0 ] },
                "west": { "texture": "#2", "uv": [ 0.0, 0.0, 6.0, 2.0 ] },
                "up": { "texture": "#2", "uv": [ 0.0, 0.0, 1.0, 6.0 ] }
            }
        }
    ]
}