{
    "__comment": "Model generated using MrCrayfish's Model Creator (https://mrcrayfish.com/tools?id=mc)",
    "textures": {
        "particle": "block/white_concrete",
        "0": "block/white_concrete",
        "1": "block/glass",
        "2": "block/gray_concrete"
    },
    "display": {
        "gui": {
            "rotation": [ 30, 225, 0 ],
            "translation": [ 0, 0, 0 ],
            "scale": [ 0.625, 0.625, 0.625 ]
        },
        "ground": {
            "rotation": [ 0, 0, 0 ],
            "translation": [ 0, 3, 0 ],
            "scale": [ 0.25, 0.25, 0.25 ]
        },
        "fixed": {
            "rotation": [ 0, 0, 0 ],
            "translation": [ 0, 0, 0 ],
            "scale": [ 0.5, 0.5, 0.5 ]
        },
        "thirdperson_righthand": {
            "rotation": [ 75, 45, 0 ],
            "translation": [ 0, 2.5, 0 ],
            "scale": [ 0.375, 0.375, 0.375 ]
        },
        "thirdperson_lefthand": {
            "rotation": [ 75, 255, 0 ],
            "translation": [ 0, 2.5, 0 ],
            "scale": [ 0.375, 0.375, 0.375 ]
        },
        "firstperson_righthand": {
            "rotation": [ 0, 45, 0 ],
            "translation": [ 0, 2.5, 0 ],
            "scale": [ 0.4, 0.4, 0.4 ]
        },
        "firstperson_lefthand": {
            "rotation": [ 0, 225, 0 ],
            "translation": [ 0, 2.5, 0 ],
            "scale": [ 0.4, 0.4, 0.4 ]
        }
    },
    "elements": [
        {
            "name": "frame_1",
            "from": [ 0.00, 14.00, 6.00 ], 
            "to": [ 16.00, 16.00, 10.00 ], 
            "faces": {
                "north": { "texture": "#0", "uv": [ 0.00, 0.00, 16.00, 2.00 ] },
                "east": { "texture": "#0", "uv": [ 0.00, 0.00, 4.00, 2.00 ] },
                "south": { "texture": "#0", "uv": [ 0.00, 0.00, 16.00, 2.00 ] },
                "west": { "texture": "#0", "uv": [ 0.00, 0.00, 4.00, 2.00 ] },
                "up": { "texture": "#0", "uv": [ 0.00, 0.00, 16.00, 4.00 ] },
                "down": { "texture": "#0", "uv": [ 0.00, 0.00, 16.00, 4.00 ] }
            }
        },
        {
            "name": "frame_2",
            "from": [ 0.00, 0.00, 6.00 ], 
            "to": [ 2.00, 14.00, 10.00 ], 
            "faces": {
                "north": { "texture": "#0", "uv": [ 0.00, 0.00, 2.00, 14.00 ] },
                "east": { "texture": "#0", "uv": [ 0.00, 0.00, 4.00, 14.00 ] },
                "south": { "texture": "#0", "uv": [ 0.00, 0.00, 2.00, 14.00 ] },
                "west": { "texture": "#0", "uv": [ 0.00, 0.00, 4.00, 14.00 ] }
            }
        },
        {
            "name": "frame_3",
            "from": [ 14.00, 0.00, 6.00 ], 
            "to": [ 16.00, 14.00, 10.00 ], 
            "faces": {
                "north": { "texture": "#0", "uv": [ 0.00, 0.00, 2.00, 14.00 ] },
                "east": { "texture": "#0", "uv": [ 0.00, 0.00, 4.00, 14.00 ] },
                "south": { "texture": "#0", "uv": [ 0.00, 0.00, 2.00, 14.00 ] },
                "west": { "texture": "#0", "uv": [ 0.00, 0.00, 4.00, 14.00 ] }
            }
        },
        {
            "name": "glass",
            "from": [ 3.00, 0.00, 6.50 ], 
            "to": [ 13.00, 13.00, 9.50 ], 
            "faces": {
                "north": { "texture": "#1", "uv": [ 2.00, 1.00, 12.00, 14.00 ] },
                "south": { "texture": "#1", "uv": [ 2.00, 1.00, 12.00, 14.00 ] }
            }
        },
        {
            "name": "frame_4",
            "from": [ 2.00, 0.00, 6.50 ], 
            "to": [ 3.00, 14.00, 9.50 ], 
            "faces": {
                "north": { "texture": "#0", "uv": [ 0.00, 0.00, 1.00, 14.00 ] },
                "east": { "texture": "#0", "uv": [ 0.00, 0.00, 3.00, 14.00 ] },
                "south": { "texture": "#0", "uv": [ 0.00, 0.00, 1.00, 14.00 ] }
            }
        },
        {
            "name": "frame_5",
            "from": [ 13.00, 3.00, 6.50 ], 
            "to": [ 14.00, 14.00, 9.50 ], 
            "faces": {
                "north": { "texture": "#0", "uv": [ 0.00, 0.00, 1.00, 11.00 ] },
                "south": { "texture": "#0", "uv": [ 0.00, 0.00, 1.00, 11.00 ] },
                "west": { "texture": "#0", "uv": [ 0.00, 0.00, 3.00, 11.00 ] }
            }
        },
        {
            "name": "frame_6",
            "from": [ 3.00, 13.00, 6.50 ], 
            "to": [ 13.00, 14.00, 9.50 ], 
            "faces": {
                "north": { "texture": "#0", "uv": [ 0.00, 0.00, 10.00, 1.00 ] },
                "south": { "texture": "#0", "uv": [ 0.00, 0.00, 10.00, 1.00 ] },
                "up": { "texture": "#0", "uv": [ 0.00, 0.00, 10.00, 3.00 ] }
            }
        },
        {
            "name": "frame_7",
            "from": [ 13.00, 0.00, 6.00 ], 
            "to": [ 14.00, 3.00, 10.00 ], 
            "faces": {
                "north": { "texture": "#0", "uv": [ 0.00, 0.00, 1.00, 3.00 ] },
                "south": { "texture": "#0", "uv": [ 0.00, 0.00, 1.00, 3.00 ] },
                "west": { "texture": "#0", "uv": [ 0.00, 0.00, 4.00, 3.00 ] },
                "up": { "texture": "#0", "uv": [ 0.00, 0.00, 1.00, 4.00 ] }
            }
        },
        {
            "name": "handle_1",
            "from": [ 14.00, 0.00, 5.00 ], 
            "to": [ 15.00, 2.00, 11.00 ], 
            "faces": {
                "north": { "texture": "#2", "uv": [ 0.00, 0.00, 1.00, 2.00 ] },
                "east": { "texture": "#2", "uv": [ 0.00, 0.00, 6.00, 2.00 ] },
                "south": { "texture": "#2", "uv": [ 0.00, 0.00, 1.00, 2.00 ] },
                "west": { "texture": "#2", "uv": [ 0.00, 0.00, 6.00, 2.00 ] },
                "up": { "texture": "#2", "uv": [ 0.00, 0.00, 1.00, 6.00 ] }
            }
        }
    ]
}