{
	"schemaVersion": 1,
	"id": "indium",
	"version": "${version}",
	"name": "Indium",
	"description": "Adaptation of Indigo for use with Sodium, implementing the Fabric Rendering API",
	"authors": [
		"comp500"
	],
	"contact": {
		"sources": "https://github.com/comp500/Indium",
		"homepage": "https://github.com/comp500/Indium",
		"issues": "https://github.com/comp500/Indium/issues"
	},
	"license": "Apache-2.0",
	"environment": "client",
	"custom": {
		"fabric-renderer-api-v1:contains_renderer": true
	},
	"entrypoints": {
		"client": [
			"link.infra.indium.Indigo"
		]
	},
	"mixins": [
		"indium.mixins.json"
	],
	"depends": {
		"fabricloader": ">=0.8.0",
		"sodium": "*",
		"fabric-renderer-api-v1": ">=0.3.0",
		"fabric-rendering-data-attachment-v1": ">=0.1.1",
		"fabric-rendering-fluids-v1": ">=0.1.3"
	}
}
