{
    "__comment": "Model generated using MrCrayfish's Model Creator (http://mrcrayfish.com/modelcreator/)",
    "textures": {
	    "particle": "blocks/quartz_block_top",
        "0": "blocks/ceilingfanstill",
        "1": "blocks/ceilingfanstill",
        "2": "blocks/concrete_gray",
        "3": "blocks/air"
    },
    "elements": [
        {
            "name": "Cube",
            "from": [ -12.0, 6.0, -12.0 ], 
            "to": [ 28.0, 6.0, 28.0 ], 
            "faces": {
                "north": { "texture": "#-1", "uv": [ 0.0, 0.0, 20.0, 0.0 ] },
                "east": { "texture": "#-1", "uv": [ 0.0, 0.0, 20.0, 0.0 ] },
                "south": { "texture": "#-1", "uv": [ 0.0, 0.0, 20.0, 0.0 ] },
                "west": { "texture": "#-1", "uv": [ 0.0, 0.0, 20.0, 0.0 ] },
                "up": { "texture": "#0", "uv": [ 0.0, 0.0, 16.0, 16.0 ] },
                "down": { "texture": "#1", "uv": [ 0.0, 0.0, 16.0, 16.0 ] }
            }
        },
        {
            "name": "Cube",
            "from": [ 7.0, 6.0, 7.0 ], 
            "to": [ 9.0, 16.0, 9.0 ], 
            "faces": {
                "north": { "texture": "#2", "uv": [ 0.0, 0.0, 2.0, 6.0 ] },
                "east": { "texture": "#2", "uv": [ 0.0, 0.0, 2.0, 6.0 ] },
                "south": { "texture": "#2", "uv": [ 0.0, 0.0, 2.0, 6.0 ] },
                "west": { "texture": "#2", "uv": [ 0.0, 0.0, 2.0, 6.0 ] },
                "up": { "texture": "#2", "uv": [ 0.0, 0.0, 2.0, 2.0 ] },
                "down": { "texture": "#3", "uv": [ 0.0, 0.0, 2.0, 2.0 ] }
            }
        }
    ]
}