{
  "schemaVersion": 1,
  "id": "ctm",
  "version": "${version}",

  "name": "ConnectedTexturesMod for Fabric",
  "description": "An unofficial Fabric port of the original ConnectedTexturesMod. Adds extensions to the vanilla model and texture system to allow resource packs to create complex models.",
  "authors": [
    "Team Chisel",
    "Pepper_Bell"
  ],
  "contact": {
    "issues": "https://github.com/PepperCode1/ConnectedTexturesMod-Fabric/issues",
    "sources": "https://github.com/PepperCode1/ConnectedTexturesMod-Fabric"
  },

  "license": "GPL-2.0-only",
  "icon": "assets/ctm/icon.png",

  "environment": "client",
  "entrypoints": {
    "client": [
      "team.chisel.ctm.client.CTMClient"
    ]
  },
  "mixins": [
    "ctm.mixins.json"
  ],
  "accessWidener": "ctm.accesswidener",

  "depends": {
    "fabricloader": ">=0.10.4",
    "fabric": "*"
  }
}
