{
    "variants": {
        "facing=east,half=lower,hinge=left,open=false": { "model": "iron_door_bt", "y": 90 },
        "facing=south,half=lower,hinge=left,open=false": { "model": "iron_door_bt", "y": 180 },
        "facing=west,half=lower,hinge=left,open=false":  { "model": "iron_door_bt", "y": 270 },
        "facing=north,half=lower,hinge=left,open=false": { "model": "iron_door_bt", "y": 0 },
        "facing=east,half=lower,hinge=right,open=false": { "model": "iron_door_bt", "y": 270 },
        "facing=south,half=lower,hinge=right,open=false": { "model": "iron_door_bt", "y": 0 },
        "facing=west,half=lower,hinge=right,open=false":  { "model": "iron_door_bt", "y": 90 },
        "facing=north,half=lower,hinge=right,open=false": { "model": "iron_door_bt", "y": 180 },
        "facing=east,half=lower,hinge=left,open=true":  { "model": "iron_door_bt_rh", "y": 90 },
        "facing=south,half=lower,hinge=left,open=true": { "model": "iron_door_bt_rh", "y": 180 },
        "facing=west,half=lower,hinge=left,open=true":  { "model": "iron_door_bt_rh", "y": 270 },
        "facing=north,half=lower,hinge=left,open=true": { "model": "iron_door_bt_rh" },
        "facing=east,half=lower,hinge=right,open=true":  { "model": "iron_door_bt_rh", "y": 270 },
        "facing=south,half=lower,hinge=right,open=true": { "model": "iron_door_bt_rh" },
        "facing=west,half=lower,hinge=right,open=true":  { "model": "iron_door_bt_rh", "y": 90 },
        "facing=north,half=lower,hinge=right,open=true": { "model": "iron_door_bt_rh", "y": 180 },
        "facing=east,half=upper,hinge=left,open=false": { "model": "iron_door_tp", "y": 90 },
        "facing=south,half=upper,hinge=left,open=false": { "model": "iron_door_tp", "y": 180 },
        "facing=west,half=upper,hinge=left,open=false":  { "model": "iron_door_tp", "y": 270 },
        "facing=north,half=upper,hinge=left,open=false": { "model": "iron_door_tp", "y": 0 },
        "facing=east,half=upper,hinge=right,open=false":  { "model": "iron_door_tp", "y": 270 },
        "facing=south,half=upper,hinge=right,open=false": { "model": "iron_door_tp", "y": 0 },
        "facing=west,half=upper,hinge=right,open=false":  { "model": "iron_door_tp", "y": 90 },
        "facing=north,half=upper,hinge=right,open=false": { "model": "iron_door_tp", "y": 180 },
        "facing=east,half=upper,hinge=left,open=true":  { "model": "iron_door_tp_rh", "y": 90 },
        "facing=south,half=upper,hinge=left,open=true": { "model": "iron_door_tp_rh", "y": 180 },
        "facing=west,half=upper,hinge=left,open=true":  { "model": "iron_door_tp_rh", "y": 270 },
        "facing=north,half=upper,hinge=left,open=true": { "model": "iron_door_tp_rh" },
        "facing=east,half=upper,hinge=right,open=true":  { "model": "iron_door_tp_rh", "y": 270 },
        "facing=south,half=upper,hinge=right,open=true": { "model": "iron_door_tp_rh" },
        "facing=west,half=upper,hinge=right,open=true":  { "model": "iron_door_tp_rh", "y": 90 },
        "facing=north,half=upper,hinge=right,open=true": { "model": "iron_door_tp_rh", "y": 180 }
    }
}
